# Time (s),Frame,IC-RP,norm_IC-RP,nrm_stdev IC-RP,gen_IMS-RP,stdev_IMS-RP,EC-RP,norm_EC-RP,nrm_stdev_EC-RP,# IC-RP and EC-RP aligned by frame of MOMP. Data values padded to frame zero. Stdev of IMS-RP taken to be .2 of value
180,1,0.6657,0.0098,0.0212,0.0000,5.6843E-14,0.4486,0.0019,0.0119,
360,2,0.6657,0.0098,0.0212,0.0000,8.8685E-14,0.4486,0.0019,0.0119,
540,3,0.6657,0.0098,0.0212,0.0000,1.3829E-13,0.4486,0.0019,0.0119,
720,4,0.6657,0.0098,0.0212,0.0000,2.1569E-13,0.4486,0.0019,0.0119,
900,5,0.6657,0.0098,0.0212,0.0000,3.3635E-13,0.4486,0.0019,0.0119,
1080,6,0.6657,0.0098,0.0212,0.0000,5.2460E-13,0.4486,0.0019,0.0119,
1260,7,0.6657,0.0098,0.0212,0.0000,8.1819E-13,0.4486,0.0019,0.0119,
1440,8,0.6657,0.0098,0.0212,0.0000,1.2761E-12,0.4486,0.0019,0.0119,
1620,9,0.6657,0.0098,0.0212,0.0000,1.9902E-12,0.4486,0.0019,0.0119,
1800,10,0.6657,0.0098,0.0212,0.0000,3.1040E-12,0.4486,0.0019,0.0119,
1980,11,0.6657,0.0098,0.0212,0.0000,4.8411E-12,0.4486,0.0019,0.0119,
2160,12,0.6579,0.0000,0.0186,0.0000,7.5503E-12,0.4486,0.0019,0.0119,
2340,13,0.6597,0.0023,0.0150,0.0000,1.1776E-11,0.4486,0.0019,0.0119,
2520,14,0.6666,0.0109,0.0204,0.0000,1.8365E-11,0.4486,0.0019,0.0119,
2700,15,0.6589,0.0013,0.0171,0.0000,2.8643E-11,0.4486,0.0019,0.0119,
2880,16,0.6627,0.0060,0.0133,0.0000,4.4673E-11,0.4486,0.0019,0.0119,
3060,17,0.6604,0.0031,0.0198,0.0000,6.9672E-11,0.4486,0.0019,0.0119,
3240,18,0.6608,0.0036,0.0173,0.0000,1.0866E-10,0.4486,0.0019,0.0119,
3420,19,0.6613,0.0043,0.0139,0.0000,1.6947E-10,0.4486,0.0019,0.0119,
3600,20,0.6628,0.0062,0.0210,0.0000,2.6431E-10,0.4486,0.0019,0.0119,
3780,21,0.6698,0.0150,0.0268,0.0000,4.1223E-10,0.4486,0.0019,0.0119,
3960,22,0.6604,0.0031,0.0173,0.0000,6.4292E-10,0.4486,0.0019,0.0119,
4140,23,0.6687,0.0136,0.0188,0.0000,1.0027E-09,0.4486,0.0019,0.0119,
4320,24,0.6732,0.0192,0.0183,0.0000,1.5639E-09,0.4486,0.0019,0.0119,
4500,25,0.6797,0.0274,0.0176,0.0000,2.4390E-09,0.4486,0.0019,0.0119,
4680,26,0.6782,0.0255,0.0140,0.0000,3.8040E-09,0.4478,0.0010,0.0121,
4860,27,0.6792,0.0268,0.0163,0.0000,5.9328E-09,0.4473,0.0004,0.0155,
5040,28,0.6804,0.0283,0.0225,0.0000,9.2529E-09,0.4470,0.0000,0.0173,
5220,29,0.6869,0.0365,0.0205,0.0000,1.4431E-08,0.4493,0.0028,0.0166,
5400,30,0.6874,0.0371,0.0130,0.0000,2.2507E-08,0.4495,0.0030,0.0164,
5580,31,0.6867,0.0362,0.0163,0.0000,3.5102E-08,0.4510,0.0048,0.0176,
5760,32,0.6903,0.0408,0.0320,0.0000,5.4747E-08,0.4507,0.0045,0.0270,
5940,33,0.7038,0.0577,0.0274,0.0000,8.5384E-08,0.4507,0.0045,0.0205,
6120,34,0.7014,0.0547,0.0295,0.0000,1.3317E-07,0.4474,0.0005,0.0233,
6300,35,0.7015,0.0548,0.0238,0.0000,2.0769E-07,0.4503,0.0040,0.0260,
6480,36,0.7103,0.0659,0.0206,0.0000,3.2392E-07,0.4503,0.0040,0.0320,
6660,37,0.7177,0.0752,0.0314,0.0000,5.0519E-07,0.4511,0.0050,0.0298,
6840,38,0.7200,0.0781,0.0491,0.0000,7.8791E-07,0.4528,0.0070,0.0316,
7020,39,0.7313,0.0923,0.0412,0.0000,1.2288E-06,0.4551,0.0098,0.0359,
7200,40,0.7337,0.0953,0.0405,0.0000,1.9165E-06,0.4525,0.0067,0.0296,
7380,41,0.7375,0.1001,0.0425,0.0000,2.9890E-06,0.4540,0.0085,0.0287,
7560,42,0.7315,0.0926,0.0454,0.0000,4.6617E-06,0.4548,0.0094,0.0312,
7740,43,0.7451,0.1097,0.0513,0.0000,7.2704E-06,0.4561,0.0110,0.0372,
7920,44,0.7551,0.1223,0.0582,0.0001,1.1339E-05,0.4565,0.0115,0.0382,
8100,45,0.7730,0.1448,0.0739,0.0001,1.7684E-05,0.4574,0.0126,0.0394,
8280,46,0.7792,0.1526,0.0789,0.0001,2.7579E-05,0.4579,0.0132,0.0437,
8460,47,0.7989,0.1774,0.1082,0.0002,4.3009E-05,0.4600,0.0157,0.0405,
8640,48,0.8007,0.1796,0.1122,0.0003,6.7070E-05,0.4620,0.0182,0.0437,
8820,49,0.8221,0.2065,0.1588,0.0005,1.0458E-04,0.4623,0.0185,0.0465,
9000,50,0.8301,0.2166,0.1717,0.0008,1.6306E-04,0.4642,0.0208,0.0489,
9180,51,0.8406,0.2298,0.1603,0.0013,2.5420E-04,0.4655,0.0224,0.0511,
9360,52,0.8435,0.2335,0.1587,0.0020,3.9618E-04,0.4682,0.0257,0.0505,
9540,53,0.8570,0.2504,0.1600,0.0031,6.1721E-04,0.4719,0.0301,0.0604,
9720,54,0.8724,0.2698,0.1730,0.0048,9.6095E-04,0.4719,0.0301,0.0610,
9900,55,0.8863,0.2873,0.1634,0.0075,1.4947E-03,0.4708,0.0288,0.0572,
10080,56,0.9000,0.3045,0.1690,0.0116,2.3215E-03,0.4729,0.0313,0.0609,
10260,57,0.9062,0.3123,0.1621,0.0180,3.5972E-03,0.4750,0.0339,0.0627,
10440,58,0.9228,0.3332,0.1696,0.0278,5.5544E-03,0.4761,0.0352,0.0641,
10620,59,0.9518,0.3697,0.1807,0.0427,8.5303E-03,0.4764,0.0356,0.0647,
10800,60,0.9582,0.3777,0.1804,0.0650,1.2994E-02,0.4775,0.0369,0.0621,
10980,61,0.9689,0.3912,0.1815,0.0978,1.9555E-02,0.4781,0.0376,0.0672,
11160,62,0.9801,0.4053,0.1771,0.1446,2.8916E-02,0.4817,0.0420,0.0623,
11340,63,0.9867,0.4136,0.1789,0.2086,4.1722E-02,0.4851,0.0461,0.0660,
11520,64,1.0018,0.4326,0.1614,0.2913,5.8268E-02,0.4903,0.0524,0.0820,
11700,65,1.0102,0.4431,0.1683,0.3907,7.8136E-02,0.4961,0.0594,0.0831,
11880,66,1.0131,0.4468,0.1516,0.5000,1.0000E-01,0.5175,0.0853,0.1012,
12060,67,1.0330,0.4718,0.1522,0.6093,1.2186E-01,0.5718,0.1510,0.1241,
12240,68,1.0408,0.4816,0.1518,0.7087,1.4173E-01,0.6567,0.2538,0.1173,
12420,69,1.0531,0.4971,0.1436,0.7914,1.5828E-01,0.7189,0.3290,0.1191,
12600,70,1.0980,0.5536,0.1471,0.8554,1.7108E-01,0.7694,0.3901,0.1179,
12780,71,1.0763,0.5263,0.1288,0.9022,1.8045E-01,0.8137,0.4437,0.1067,
12960,72,1.0962,0.5513,0.1299,0.9350,1.8701E-01,0.8434,0.4797,0.1081,
13140,73,1.1377,0.6035,0.1392,0.9573,1.9147E-01,0.8752,0.5182,0.0966,
13320,74,1.1499,0.6189,0.1331,0.9722,1.9445E-01,0.8972,0.5448,0.0965,
13500,75,1.1582,0.6293,0.1363,0.9820,1.9640E-01,0.9146,0.5658,0.0885,
13680,76,1.1860,0.6643,0.1485,0.9884,1.9768E-01,0.9380,0.5941,0.0840,
13860,77,1.1933,0.6735,0.1388,0.9925,1.9851E-01,0.9324,0.5874,0.0745,
14040,78,1.1978,0.6791,0.1363,0.9952,1.9904E-01,0.9501,0.6088,0.0900,
14220,79,1.2113,0.6961,0.1431,0.9969,1.9938E-01,0.9614,0.6225,0.0817,
14400,80,1.2027,0.6853,0.1380,0.9980,1.9960E-01,0.9697,0.6325,0.0844,
14580,81,1.2251,0.7135,0.1391,0.9987,1.9975E-01,0.9778,0.6423,0.0712,
14760,82,1.2398,0.7319,0.1252,0.9992,1.9984E-01,0.9836,0.6493,0.0741,
14940,83,1.2438,0.7370,0.1142,0.9995,1.9990E-01,0.9867,0.6531,0.0847,
15120,84,1.2399,0.7321,0.1086,0.9997,1.9993E-01,0.9831,0.6487,0.0777,
15300,85,1.2528,0.7483,0.0993,0.9998,1.9996E-01,1.0097,0.6809,0.0811,
15480,86,1.2533,0.7489,0.1003,0.9999,1.9997E-01,0.9980,0.6667,0.0869,
15660,87,1.2732,0.7740,0.1129,0.9999,1.9998E-01,1.0044,0.6745,0.0902,
15840,88,1.2594,0.7566,0.1235,0.9999,1.9999E-01,1.0121,0.6838,0.0948,
16020,89,1.2644,0.7629,0.0913,1.0000,1.9999E-01,1.0172,0.6900,0.0937,
16200,90,1.2526,0.7481,0.1086,1.0000,2.0000E-01,1.0208,0.6943,0.0977,
16380,91,1.2644,0.7629,0.1073,1.0000,2.0000E-01,1.0223,0.6962,0.0981,
16560,92,1.2749,0.7761,0.1093,1.0000,2.0000E-01,1.0362,0.7130,0.1000,
16740,93,1.2776,0.7795,0.0802,1.0000,2.0000E-01,1.0409,0.7187,0.1104,
16920,94,1.2821,0.7852,0.0699,1.0000,2.0000E-01,1.0402,0.7178,0.1072,
17100,95,1.2459,0.7396,0.0847,1.0000,2.0000E-01,1.0422,0.7202,0.1059,
17280,96,1.2790,0.7813,0.0829,1.0000,2.0000E-01,1.0418,0.7197,0.0992,
17460,97,1.2659,0.7648,0.0919,1.0000,2.0000E-01,1.0369,0.7138,0.1045,
17640,98,1.2889,0.7937,0.0736,1.0000,2.0000E-01,1.0407,0.7184,0.0943,
17820,99,1.2847,0.7884,0.0838,1.0000,2.0000E-01,1.0376,0.7147,0.0973,
18000,100,1.2782,0.7803,0.0875,1.0000,2.0000E-01,1.0386,0.7159,0.0805,
18180,101,1.2909,0.7962,0.0744,1.0000,2.0000E-01,1.0612,0.7432,0.0508,
18360,102,1.2729,0.7736,0.0838,1.0000,2.0000E-01,1.0546,0.7352,0.0670,
18540,103,1.2621,0.7600,0.0782,1.0000,2.0000E-01,1.0609,0.7429,0.0662,
18720,104,1.2631,0.7613,0.0713,1.0000,2.0000E-01,1.0666,0.7498,0.0622,
18900,105,1.2505,0.7454,0.0830,1.0000,2.0000E-01,1.0673,0.7506,0.0554,
19080,106,1.2638,0.7621,0.0605,1.0000,2.0000E-01,1.0695,0.7533,0.0547,
19260,107,1.2572,0.7538,0.0703,1.0000,2.0000E-01,1.0727,0.7571,0.0570,
19440,108,1.2419,0.7346,0.0840,1.0000,2.0000E-01,1.0723,0.7567,0.0644,
19620,109,1.2456,0.7392,0.0835,1.0000,2.0000E-01,1.0861,0.7734,0.0721,
19800,110,1.2481,0.7424,0.0781,1.0000,2.0000E-01,1.0890,0.7769,0.0613,
19980,111,1.2589,0.7560,0.0726,1.0000,2.0000E-01,1.0995,0.7896,0.0671,
20160,112,1.2734,0.7742,0.0728,1.0000,2.0000E-01,1.1029,0.7937,0.0612,
20340,113,1.2683,0.7678,0.0659,1.0000,2.0000E-01,1.1027,0.7934,0.0647,
20520,114,1.2645,0.7630,0.0682,1.0000,2.0000E-01,1.1075,0.7992,0.0624,
20700,115,1.2698,0.7697,0.0726,1.0000,2.0000E-01,1.1100,0.8023,0.0732,
20880,116,1.2769,0.7786,0.0714,1.0000,2.0000E-01,1.1148,0.8081,0.0696,
21060,117,1.2662,0.7652,0.0743,1.0000,2.0000E-01,1.1237,0.8189,0.0690,
21240,118,1.2514,0.7465,0.0705,1.0000,2.0000E-01,1.1199,0.8143,0.0593,
21420,119,1.2703,0.7703,0.0789,1.0000,2.0000E-01,1.1236,0.8187,0.0583,
21600,120,1.2661,0.7650,0.0913,1.0000,2.0000E-01,1.1252,0.8207,0.0598,
21780,121,1.2609,0.7585,0.0782,1.0000,2.0000E-01,1.1251,0.8205,0.0658,
21960,122,1.2638,0.7621,0.0704,1.0000,2.0000E-01,1.1327,0.8297,0.0654,
22140,123,1.2724,0.7730,0.0826,1.0000,2.0000E-01,1.1321,0.8290,0.0631,
22320,124,1.2326,0.7229,0.0756,1.0000,2.0000E-01,1.1379,0.8360,0.0638,
22500,125,1.2575,0.7542,0.0804,1.0000,2.0000E-01,1.1381,0.8363,0.0709,
22680,126,1.2530,0.7486,0.0791,1.0000,2.0000E-01,1.1339,0.8312,0.0667,
22860,127,1.2592,0.7564,0.0825,1.0000,2.0000E-01,1.1410,0.8398,0.0643,
23040,128,1.2725,0.7731,0.0800,1.0000,2.0000E-01,1.1510,0.8519,0.0646,
23220,129,1.2720,0.7725,0.0784,1.0000,2.0000E-01,1.1408,0.8395,0.0684,
23400,130,1.2704,0.7704,0.0918,1.0000,2.0000E-01,1.1478,0.8480,0.0662,
23580,131,1.2590,0.7561,0.0853,1.0000,2.0000E-01,1.1452,0.8449,0.0614,
23760,132,1.2656,0.7644,0.0905,1.0000,2.0000E-01,1.1545,0.8561,0.0615,
23940,133,1.2602,0.7576,0.1007,1.0000,2.0000E-01,1.1485,0.8489,0.0627,
24120,134,1.2613,0.7590,0.1044,1.0000,2.0000E-01,1.1530,0.8543,0.0619,
24300,135,1.2624,0.7604,0.1062,1.0000,2.0000E-01,1.1493,0.8498,0.0626,
24480,136,1.2469,0.7409,0.0983,1.0000,2.0000E-01,1.1506,0.8514,0.0656,
24660,137,1.2579,0.7547,0.1092,1.0000,2.0000E-01,1.1534,0.8548,0.0633,
24840,138,1.2524,0.7478,0.1017,1.0000,2.0000E-01,1.1500,0.8507,0.0707,
25020,139,1.2675,0.7668,0.1033,1.0000,2.0000E-01,1.1594,0.8621,0.0608,
25200,140,1.2750,0.7762,0.1138,1.0000,2.0000E-01,1.1571,0.8593,0.0607,
25380,141,1.2660,0.7649,0.0874,1.0000,2.0000E-01,1.1554,0.8572,0.0615,
25560,142,1.2682,0.7677,0.0948,1.0000,2.0000E-01,1.1648,0.8686,0.0628,
25740,143,1.2659,0.7648,0.0994,1.0000,2.0000E-01,1.1618,0.8650,0.0608,
25920,144,1.2669,0.7660,0.1082,1.0000,2.0000E-01,1.1668,0.8710,0.0573,
26100,145,1.2605,0.7580,0.1097,1.0000,2.0000E-01,1.1695,0.8743,0.0594,
26280,146,1.2669,0.7660,0.1077,1.0000,2.0000E-01,1.1744,0.8802,0.0675,
26460,147,1.2735,0.7743,0.1000,1.0000,2.0000E-01,1.1738,0.8795,0.0629,
26640,148,1.2668,0.7659,0.1092,1.0000,2.0000E-01,1.1740,0.8797,0.0604,
26820,149,1.2687,0.7683,0.1115,1.0000,2.0000E-01,1.1767,0.8830,0.0608,
27000,150,1.2709,0.7711,0.1102,1.0000,2.0000E-01,1.1810,0.8882,0.0644,
27180,151,1.2870,0.7913,0.1142,1.0000,2.0000E-01,1.1812,0.8884,0.0619,
27360,152,1.2746,0.7757,0.1171,1.0000,2.0000E-01,1.1764,0.8826,0.0591,
27540,153,1.2911,0.7965,0.1134,1.0000,2.0000E-01,1.1863,0.8946,0.0563,
27720,154,1.2805,0.7831,0.1103,1.0000,2.0000E-01,1.1854,0.8935,0.0617,
27900,155,1.2947,0.8010,0.1116,1.0000,2.0000E-01,1.1879,0.8965,0.0559,
28080,156,1.2923,0.7980,0.1107,1.0000,2.0000E-01,1.1943,0.9043,0.0599,
28260,157,1.3061,0.8153,0.1103,1.0000,2.0000E-01,1.1895,0.8985,0.0580,
28440,158,1.3077,0.8174,0.1131,1.0000,2.0000E-01,1.1943,0.9043,0.0578,
28620,159,1.2716,0.7719,0.1343,1.0000,2.0000E-01,1.1937,0.9036,0.0600,
28800,160,1.2569,0.7535,0.1351,1.0000,2.0000E-01,1.1948,0.9049,0.0599,
28980,161,1.2815,0.7844,0.1335,1.0000,2.0000E-01,1.1925,0.9021,0.0580,
29160,162,1.2695,0.7693,0.1476,1.0000,2.0000E-01,1.1948,0.9049,0.0622,
29340,163,1.2705,0.7706,0.1417,1.0000,2.0000E-01,1.1945,0.9045,0.0665,
29520,164,1.2627,0.7608,0.1441,1.0000,2.0000E-01,1.1989,0.9098,0.0656,
29700,165,1.2886,0.7933,0.1565,1.0000,2.0000E-01,1.2015,0.9130,0.0632,
29880,166,1.2850,0.7888,0.1562,1.0000,2.0000E-01,1.2002,0.9114,0.0615,
30060,167,1.2892,0.7941,0.1615,1.0000,2.0000E-01,1.1997,0.9108,0.0652,
30240,168,1.3157,0.8274,0.1624,1.0000,2.0000E-01,1.1967,0.9072,0.0715,
30420,169,1.3136,0.8248,0.1545,1.0000,2.0000E-01,1.1914,0.9008,0.0676,
30600,170,1.3340,0.8504,0.1578,1.0000,2.0000E-01,1.1957,0.9060,0.0659,
30780,171,1.3017,0.8098,0.1489,1.0000,2.0000E-01,1.2026,0.9143,0.0684,
30960,172,1.2894,0.7943,0.1676,1.0000,2.0000E-01,1.1967,0.9072,0.0667,
31140,173,1.2727,0.7733,0.1668,1.0000,2.0000E-01,1.1962,0.9066,0.0683,
31320,174,1.2912,0.7966,0.1736,1.0000,2.0000E-01,1.1994,0.9105,0.0677,
31500,175,1.3412,0.8595,0.1731,1.0000,2.0000E-01,1.1965,0.9069,0.0708,
31680,176,1.3272,0.8419,0.1783,1.0000,2.0000E-01,1.1966,0.9071,0.0671,
31860,177,1.3329,0.8491,0.1904,1.0000,2.0000E-01,1.1998,0.9109,0.0738,
32040,178,1.3325,0.8486,0.1838,1.0000,2.0000E-01,1.2018,0.9134,0.0697,
32220,179,1.3371,0.8543,0.1772,1.0000,2.0000E-01,1.2066,0.9192,0.0705,
32400,180,1.3411,0.8594,0.1873,1.0000,2.0000E-01,1.2032,0.9151,0.0738,
32580,181,1.3504,0.8711,0.1780,1.0000,2.0000E-01,1.2057,0.9181,0.0807,
32760,182,1.3278,0.8426,0.1918,1.0000,2.0000E-01,1.2090,0.9221,0.0761,
32940,183,1.3503,0.8709,0.1759,1.0000,2.0000E-01,1.2076,0.9204,0.0748,
33120,184,1.3333,0.8496,0.1857,1.0000,2.0000E-01,1.2091,0.9222,0.0713,
33300,185,1.3284,0.8434,0.1969,1.0000,2.0000E-01,1.2095,0.9227,0.0760,
33480,186,1.3230,0.8366,0.2130,1.0000,2.0000E-01,1.2085,0.9215,0.0820,
33660,187,1.2960,0.8026,0.2215,1.0000,2.0000E-01,1.2121,0.9258,0.0827,
33840,188,1.2934,0.7994,0.2285,1.0000,2.0000E-01,1.2080,0.9209,0.0765,
34020,189,1.3347,0.8513,0.2161,1.0000,2.0000E-01,1.2148,0.9291,0.0794,
34200,190,1.3250,0.8391,0.2253,1.0000,2.0000E-01,1.2175,0.9324,0.0729,
34380,191,1.3379,0.8553,0.2435,1.0000,2.0000E-01,1.2172,0.9320,0.0793,
34560,192,1.3355,0.8523,0.2332,1.0000,2.0000E-01,1.2124,0.9262,0.0837,
34740,193,1.3390,0.8567,0.2242,1.0000,2.0000E-01,1.2171,0.9319,0.0793,
34920,194,1.3333,0.8496,0.2160,1.0000,2.0000E-01,1.2135,0.9275,0.0832,
35100,195,1.3515,0.8725,0.2283,1.0000,2.0000E-01,1.2149,0.9292,0.0771,
35280,196,1.3606,0.8839,0.2034,1.0000,2.0000E-01,1.2122,0.9259,0.0754,
35460,197,1.3706,0.8965,0.2089,1.0000,2.0000E-01,1.2141,0.9282,0.0808,
35640,198,1.3198,0.8326,0.1942,1.0000,2.0000E-01,1.2131,0.9270,0.0805,
35820,199,1.3205,0.8335,0.1839,1.0000,2.0000E-01,1.2104,0.9238,0.0811,
36000,200,1.3434,0.8623,0.1726,1.0000,2.0000E-01,1.2139,0.9280,0.0764,
36180,201,1.3313,0.8470,0.1734,1.0000,2.0000E-01,1.2132,0.9272,0.0791,
36360,202,1.4030,0.9372,0.1687,1.0000,2.0000E-01,1.2098,0.9230,0.0777,
36540,203,1.3579,0.8805,0.1852,1.0000,2.0000E-01,1.2145,0.9287,0.0745,
36720,204,1.3560,0.8781,0.1684,1.0000,2.0000E-01,1.2192,0.9344,0.0766,
36900,205,1.3514,0.8723,0.1904,1.0000,2.0000E-01,1.2163,0.9309,0.0767,
37080,206,1.3506,0.8713,0.1855,1.0000,2.0000E-01,1.2211,0.9367,0.0803,
37260,207,1.3517,0.8727,0.1979,1.0000,2.0000E-01,1.2193,0.9345,0.0776,
37440,208,1.3201,0.8330,0.2126,1.0000,2.0000E-01,1.2228,0.9388,0.0824,
37620,209,1.3515,0.8725,0.2159,1.0000,2.0000E-01,1.2240,0.9402,0.0812,
37800,210,1.3494,0.8698,0.2065,1.0000,2.0000E-01,1.2257,0.9423,0.0836,
37980,211,1.3367,0.8538,0.1990,1.0000,2.0000E-01,1.2258,0.9424,0.0828,
38160,212,1.3217,0.8350,0.1975,1.0000,2.0000E-01,1.2261,0.9428,0.0783,
38340,213,1.3237,0.8375,0.1946,1.0000,2.0000E-01,1.2219,0.9377,0.0828,
38520,214,1.3055,0.8146,0.2009,1.0000,2.0000E-01,1.2224,0.9383,0.0808,
38700,215,1.3412,0.8595,0.1987,1.0000,2.0000E-01,1.2195,0.9348,0.0808,
38880,216,1.3241,0.8380,0.1964,1.0000,2.0000E-01,1.2271,0.9440,0.0841,
39060,217,1.3078,0.8175,0.2207,1.0000,2.0000E-01,1.2294,0.9468,0.0826,
39240,218,1.3266,0.8411,0.2161,1.0000,2.0000E-01,1.2291,0.9464,0.0805,
39420,219,1.3091,0.8191,0.2265,1.0000,2.0000E-01,1.2271,0.9440,0.0801,
39600,220,1.3342,0.8507,0.2218,1.0000,2.0000E-01,1.2282,0.9453,0.0865,
39780,221,1.3376,0.8550,0.2206,1.0000,2.0000E-01,1.2258,0.9424,0.0844,
39960,222,1.3673,0.8923,0.2134,1.0000,2.0000E-01,1.2272,0.9441,0.0823,
40140,223,1.3540,0.8756,0.2202,1.0000,2.0000E-01,1.2293,0.9466,0.0843,
40320,224,1.3882,0.9186,0.1883,1.0000,2.0000E-01,1.2357,0.9544,0.0833,
40500,225,1.3819,0.9107,0.1992,1.0000,2.0000E-01,1.2347,0.9532,0.0801,
40680,226,1.4099,0.9459,0.1856,1.0000,2.0000E-01,1.2352,0.9538,0.0812,
40860,227,1.4092,0.9450,0.1905,1.0000,2.0000E-01,1.2410,0.9608,0.0796,
41040,228,1.4005,0.9341,0.1772,1.0000,2.0000E-01,1.2387,0.9580,0.0837,
41220,229,1.4126,0.9493,0.1984,1.0000,2.0000E-01,1.2325,0.9505,0.0826,
41400,230,1.3779,0.9057,0.2040,1.0000,2.0000E-01,1.2401,0.9597,0.0797,
41580,231,1.3740,0.9008,0.2021,1.0000,2.0000E-01,1.2378,0.9569,0.0782,
41760,232,1.3542,0.8758,0.2017,1.0000,2.0000E-01,1.2408,0.9606,0.0797,
41940,233,1.4205,0.9592,0.2137,1.0000,2.0000E-01,1.2436,0.9639,0.0843,
42120,234,1.3670,0.8919,0.2102,1.0000,2.0000E-01,1.2419,0.9619,0.0834,
42300,235,1.3794,0.9075,0.2087,1.0000,2.0000E-01,1.2455,0.9662,0.0777,
42480,236,1.3862,0.9161,0.1965,1.0000,2.0000E-01,1.2448,0.9654,0.0828,
42660,237,1.3752,0.9023,0.2086,1.0000,2.0000E-01,1.2509,0.9728,0.0869,
42840,238,1.3885,0.9190,0.2082,1.0000,2.0000E-01,1.2424,0.9625,0.0821,
43020,239,1.3880,0.9184,0.2135,1.0000,2.0000E-01,1.2456,0.9664,0.0787,
43200,240,1.3931,0.9248,0.1954,1.0000,2.0000E-01,1.2522,0.9743,0.0784,
43380,241,1.4161,0.9537,0.1863,1.0000,2.0000E-01,1.2490,0.9705,0.0813,
43560,242,1.4433,0.9879,0.1897,1.0000,2.0000E-01,1.2427,0.9629,0.0833,
43740,243,1.4490,0.9951,0.2029,1.0000,2.0000E-01,1.2496,0.9712,0.0819,
43920,244,1.4529,1.0000,0.2130,1.0000,2.0000E-01,1.2474,0.9685,0.0831,
44100,245,1.4513,0.9980,0.2088,1.0000,2.0000E-01,1.2471,0.9682,0.0793,
44280,246,1.4451,0.9902,0.2100,1.0000,2.0000E-01,1.2414,0.9613,0.0827,
44460,247,1.4351,0.9776,0.2275,1.0000,2.0000E-01,1.2454,0.9661,0.0835,
44640,248,1.4003,0.9338,0.2113,1.0000,2.0000E-01,1.2459,0.9667,0.0846,
44820,249,1.4080,0.9435,0.2160,1.0000,2.0000E-01,1.2481,0.9694,0.0795,
45000,250,1.4113,0.9477,0.1984,1.0000,2.0000E-01,1.2449,0.9655,0.0806,
45180,251,1.4159,0.9535,0.1890,1.0000,2.0000E-01,1.2446,0.9652,0.0829,
45360,252,1.4213,0.9603,0.1823,1.0000,2.0000E-01,1.2476,0.9688,0.0806,
45540,253,1.3870,0.9171,0.2027,1.0000,2.0000E-01,1.2458,0.9666,0.0868,
45720,254,1.3883,0.9187,0.2069,1.0000,2.0000E-01,1.2464,0.9673,0.0823,
45900,255,1.4143,0.9514,0.1856,1.0000,2.0000E-01,1.2479,0.9691,0.0834,
46080,256,1.3760,0.9033,0.2117,1.0000,2.0000E-01,1.2494,0.9710,0.0824,
46260,257,1.3761,0.9034,0.2262,1.0000,2.0000E-01,1.2468,0.9678,0.0849,
46440,258,1.3471,0.8669,0.2397,1.0000,2.0000E-01,1.2483,0.9696,0.0839,
46620,259,1.3477,0.8677,0.2462,1.0000,2.0000E-01,1.2526,0.9748,0.0846,
46800,260,1.3591,0.8820,0.2335,1.0000,2.0000E-01,1.2511,0.9730,0.0825,
46980,261,1.3794,0.9075,0.2248,1.0000,2.0000E-01,1.2541,0.9766,0.0791,
47160,262,1.3552,0.8771,0.2499,1.0000,2.0000E-01,1.2591,0.9827,0.0872,
47340,263,1.3520,0.8731,0.2520,1.0000,2.0000E-01,1.2540,0.9765,0.0845,
47520,264,1.3229,0.8365,0.2583,1.0000,2.0000E-01,1.2545,0.9771,0.0852,
47700,265,1.3370,0.8542,0.2728,1.0000,2.0000E-01,1.2566,0.9797,0.0852,
47880,266,1.3626,0.8864,0.2610,1.0000,2.0000E-01,1.2559,0.9788,0.0843,
48060,267,1.3418,0.8603,0.2585,1.0000,2.0000E-01,1.2566,0.9797,0.0866,
48240,268,1.3658,0.8904,0.2476,1.0000,2.0000E-01,1.2567,0.9798,0.0827,
48420,269,1.3717,0.8979,0.2502,1.0000,2.0000E-01,1.2584,0.9818,0.0904,
48600,270,1.3425,0.8611,0.2585,1.0000,2.0000E-01,1.2588,0.9823,0.0855,
48780,271,1.3277,0.8425,0.2548,1.0000,2.0000E-01,1.2505,0.9723,0.0903,
48960,272,1.3577,0.8803,0.2349,1.0000,2.0000E-01,1.2584,0.9818,0.0883,
49140,273,1.3486,0.8688,0.2551,1.0000,2.0000E-01,1.2571,0.9803,0.0850,
49320,274,1.3529,0.8742,0.2405,1.0000,2.0000E-01,1.2501,0.9718,0.0847,
49500,275,1.3342,0.8507,0.2658,1.0000,2.0000E-01,1.2597,0.9834,0.0840,
49680,276,1.3654,0.8899,0.2559,1.0000,2.0000E-01,1.2541,0.9766,0.0857,
49860,277,1.3427,0.8614,0.2726,1.0000,2.0000E-01,1.2554,0.9782,0.0851,
50040,278,1.3410,0.8592,0.2691,1.0000,2.0000E-01,1.2560,0.9789,0.0834,
50220,279,1.3412,0.8595,0.2730,1.0000,2.0000E-01,1.2582,0.9816,0.0864,
50400,280,1.3244,0.8384,0.2861,1.0000,2.0000E-01,1.2588,0.9823,0.0860,
50580,281,1.3236,0.8374,0.2823,1.0000,2.0000E-01,1.2604,0.9843,0.0886,
50760,282,1.3634,0.8874,0.2609,1.0000,2.0000E-01,1.2574,0.9806,0.0875,
50940,283,1.3512,0.8721,0.2698,1.0000,2.0000E-01,1.2569,0.9800,0.0865,
51120,284,1.3477,0.8677,0.2633,1.0000,2.0000E-01,1.2608,0.9848,0.0907,
51300,285,1.3285,0.8435,0.2713,1.0000,2.0000E-01,1.2634,0.9879,0.0889,
51480,286,1.3760,0.9033,0.2475,1.0000,2.0000E-01,1.2588,0.9823,0.0855,
51660,287,1.3511,0.8719,0.2641,1.0000,2.0000E-01,1.2573,0.9805,0.0902,
51840,288,1.3920,0.9234,0.2431,1.0000,2.0000E-01,1.2566,0.9797,0.0856,
52020,289,1.3511,0.8719,0.2664,1.0000,2.0000E-01,1.2630,0.9874,0.0858,
52200,290,1.3489,0.8692,0.2633,1.0000,2.0000E-01,1.2591,0.9827,0.0880,
52380,291,1.3410,0.8592,0.2638,1.0000,2.0000E-01,1.2629,0.9873,0.0914,
52560,292,1.3412,0.8595,0.2692,1.0000,2.0000E-01,1.2610,0.9850,0.0874,
52740,293,1.3682,0.8935,0.2521,1.0000,2.0000E-01,1.2642,0.9889,0.0849,
52920,294,1.3553,0.8772,0.2689,1.0000,2.0000E-01,1.2644,0.9891,0.0859,
53100,295,1.3643,0.8886,0.2593,1.0000,2.0000E-01,1.2661,0.9912,0.0879,
53280,296,1.3510,0.8718,0.2713,1.0000,2.0000E-01,1.2611,0.9851,0.0886,
53460,297,1.3606,0.8839,0.2521,1.0000,2.0000E-01,1.2639,0.9885,0.0876,
53640,298,1.3733,0.8999,0.2578,1.0000,2.0000E-01,1.2658,0.9908,0.0925,
53820,299,1.3155,0.8272,0.2979,1.0000,2.0000E-01,1.2611,0.9851,0.0941,
54000,300,1.3628,0.8867,0.2754,1.0000,2.0000E-01,1.2660,0.9910,0.0906,
54180,301,1.3753,0.9024,0.2609,1.0000,2.0000E-01,1.2613,0.9854,0.0868,
54360,302,1.3784,0.9063,0.2630,1.0000,2.0000E-01,1.2646,0.9894,0.0880,
54540,303,1.3716,0.8977,0.2568,1.0000,2.0000E-01,1.2580,0.9814,0.0918,
54720,304,1.4032,0.9375,0.2535,1.0000,2.0000E-01,1.2650,0.9898,0.0885,
54900,305,1.3775,0.9052,0.2554,1.0000,2.0000E-01,1.2659,0.9909,0.0884,
55080,306,1.3493,0.8697,0.2648,1.0000,2.0000E-01,1.2678,0.9932,0.0908,
55260,307,1.3727,0.8991,0.2515,1.0000,2.0000E-01,1.2660,0.9910,0.0937,
55440,308,1.3861,0.9160,0.2551,1.0000,2.0000E-01,1.2649,0.9897,0.0899,
55620,309,1.3879,0.9182,0.2632,1.0000,2.0000E-01,1.2621,0.9863,0.0917,
55800,310,1.3164,0.8283,0.2808,1.0000,2.0000E-01,1.2678,0.9932,0.0923,
55980,311,1.3752,0.9023,0.2709,1.0000,2.0000E-01,1.2651,0.9900,0.0910,
56160,312,1.3701,0.8958,0.2724,1.0000,2.0000E-01,1.2605,0.9844,0.0880,
56340,313,1.3936,0.9254,0.2722,1.0000,2.0000E-01,1.2623,0.9866,0.0875,
56520,314,1.3801,0.9084,0.2599,1.0000,2.0000E-01,1.2623,0.9866,0.0955,
56700,315,1.3912,0.9224,0.2575,1.0000,2.0000E-01,1.2635,0.9880,0.0881,
56880,316,1.4032,0.9375,0.2547,1.0000,2.0000E-01,1.2664,0.9915,0.0924,
57060,317,1.3941,0.9260,0.2521,1.0000,2.0000E-01,1.2584,0.9818,0.0878,
57240,318,1.3761,0.9034,0.2608,1.0000,2.0000E-01,1.2623,0.9866,0.0928,
57420,319,1.3673,0.8923,0.2724,1.0000,2.0000E-01,1.2622,0.9864,0.0891,
57600,320,1.4113,0.9477,0.2583,1.0000,2.0000E-01,1.2538,0.9763,0.0924,
57780,321,1.3446,0.8638,0.2878,1.0000,2.0000E-01,1.2639,0.9885,0.0926,
57960,322,1.3880,0.9184,0.2778,1.0000,2.0000E-01,1.2676,0.9930,0.0930,
58140,323,1.3547,0.8765,0.2899,1.0000,2.0000E-01,1.2624,0.9867,0.0950,
58320,324,1.3711,0.8971,0.2794,1.0000,2.0000E-01,1.2608,0.9848,0.0931,
58500,325,1.3611,0.8845,0.2833,1.0000,2.0000E-01,1.2651,0.9900,0.0981,
58680,326,1.3478,0.8678,0.2902,1.0000,2.0000E-01,1.2633,0.9878,0.0932,
58860,327,1.3475,0.8674,0.2962,1.0000,2.0000E-01,1.2734,1.0000,0.0944,
,,,,,,,,,,
,,,,,,,,,,
,,,,,,,,,,
,,,,,,,,,,
,,,,,,,,,,
,,,,,,,,,,
,,,,,,,,,,
,,,,,,,,,,
,,,,,,,,,,
,,,,,,,,,,
,,,,,,,,,,
,,,,,,,,,,
,,,,,,,,,,
,,,,,,,,,,
,,,,,,,,,,
,,,,,,,,,,
,,,,,,,,,,
,,,,,,,,,,
,,,,,,,,,,
,,,,,,,,,,
,,,,,,,,,,
,,,,,,,,,,
,,,,,,,,,,
,,,,,,,,,,
,,,,,,,,,,
,,,,,,,,,,
,,,,,,,,,,
,,,,,,,,,,
,,,,,,,,,,
,,,,,,,,,,
,,,,,,,,,,
,,,,,,,,,,
,,,,,,,,,,
